Meter,FirstPositiveDate,LastPositiveDate,Cohort,PortfolioRank,Group
MT_001,2012-01-01,2014-12-31,2012,365,Other consumers
MT_002,2012-01-01,2014-12-31,2012,322,Other consumers
MT_003,2012-01-01,2014-12-31,2012,367,Other consumers
MT_004,2012-01-01,2014-12-31,2012,222,Other consumers
MT_005,2012-01-01,2014-12-31,2012,284,Other consumers
MT_006,2012-01-01,2014-12-31,2012,158,Other consumers
MT_007,2012-01-01,2014-12-31,2012,363,Other consumers
MT_008,2012-01-01,2014-12-31,2012,129,Other consumers
MT_009,2012-01-01,2014-12-31,2012,282,Other consumers
MT_010,2012-01-01,2014-12-31,2012,277,Other consumers
MT_011,2012-01-01,2014-12-31,2012,300,Other consumers
MT_012,2013-08-29,2014-12-31,2013,267,Other consumers
MT_013,2012-01-01,2014-12-31,2012,257,Other consumers
MT_014,2012-01-01,2014-12-31,2012,290,Other consumers
MT_015,2013-06-04,2014-12-31,2013,338,Other consumers
MT_016,2012-01-01,2014-12-31,2012,316,Other consumers
MT_017,2012-01-01,2014-12-31,2012,285,Other consumers
MT_018,2012-01-01,2014-12-31,2012,130,Other consumers
MT_019,2012-01-01,2014-12-31,2012,359,Other consumers
MT_020,2012-01-01,2014-12-31,2012,297,Other consumers
MT_021,2012-01-01,2014-12-31,2012,174,Other consumers
MT_022,2012-01-01,2014-12-31,2012,324,Other consumers
MT_023,2012-01-01,2014-12-31,2012,355,Other consumers
MT_024,2012-03-30,2014-12-31,2012,320,Other consumers
MT_025,2012-01-01,2014-12-31,2012,139,Other consumers
MT_026,2012-01-01,2014-12-31,2012,334,Other consumers
MT_027,2012-01-01,2014-12-31,2012,339,Other consumers
MT_028,2012-01-01,2014-12-31,2012,264,Other consumers
MT_029,2012-01-01,2014-12-31,2012,253,Other consumers
MT_030,2013-05-09,2014-12-31,2013,336,Other consumers
MT_031,2012-01-01,2014-12-31,2012,242,Other consumers
MT_032,2012-11-16,2014-12-31,2012,337,Other consumers
MT_033,2012-07-13,2014-12-31,2012,314,Other consumers
MT_034,2012-01-01,2014-12-31,2012,348,Other consumers
MT_035,2012-01-01,2014-12-31,2012,213,Other consumers
MT_036,2012-01-01,2014-12-31,2012,308,Other consumers
MT_037,2012-01-01,2014-12-31,2012,221,Other consumers
MT_038,2012-01-01,2014-12-31,2012,208,Other consumers
MT_039,2013-10-03,2014-12-31,2013,342,Other consumers
MT_040,2012-01-01,2014-12-31,2012,231,Other consumers
MT_041,2013-09-13,2014-12-31,2013,302,Other consumers
MT_042,2012-01-01,2014-12-31,2012,294,Other consumers
MT_043,2012-01-01,2014-12-31,2012,39,Other consumers
MT_044,2012-01-01,2014-12-31,2012,319,Other consumers
MT_045,2012-01-01,2014-12-31,2012,236,Other consumers
MT_046,2012-01-01,2014-12-31,2012,193,Other consumers
MT_047,2012-01-01,2014-12-31,2012,321,Other consumers
MT_048,2012-01-01,2014-12-31,2012,346,Other consumers
MT_049,2012-01-01,2014-12-31,2012,45,Other consumers
MT_050,2012-01-01,2014-12-31,2012,171,Other consumers
MT_051,2012-01-01,2014-12-31,2012,280,Other consumers
MT_052,2012-01-01,2014-12-31,2012,310,Other consumers
MT_053,2012-01-01,2014-12-31,2012,265,Other consumers
MT_054,2012-01-01,2014-12-31,2012,262,Other consumers
MT_055,2012-01-01,2014-12-31,2012,331,Other consumers
MT_056,2012-01-01,2014-12-31,2012,305,Other consumers
MT_057,2012-01-01,2014-12-31,2012,330,Other consumers
MT_058,2012-01-01,2014-12-31,2012,246,Other consumers
MT_059,2012-01-01,2014-12-31,2012,209,Other consumers
MT_060,2012-01-01,2014-12-31,2012,325,Other consumers
MT_061,2012-01-01,2014-12-31,2012,255,Other consumers
MT_062,2012-01-01,2014-12-31,2012,273,Other consumers
MT_063,2012-01-01,2014-12-31,2012,333,Other consumers
MT_064,2012-01-01,2014-12-31,2012,30,Other consumers
MT_065,2012-01-01,2014-12-31,2012,270,Other consumers
MT_066,2012-01-01,2014-12-31,2012,299,Other consumers
MT_067,2012-01-01,2014-12-31,2012,154,Other consumers
MT_068,2012-01-01,2014-12-31,2012,178,Other consumers
MT_069,2012-01-01,2014-12-31,2012,176,Other consumers
MT_070,2012-01-01,2014-12-31,2012,296,Other consumers
MT_071,2012-01-01,2014-12-31,2012,289,Other consumers
MT_072,2012-01-01,2014-12-31,2012,235,Other consumers
MT_073,2012-01-01,2014-12-31,2012,287,Other consumers
MT_074,2012-01-01,2014-12-31,2012,243,Other consumers
MT_075,2012-01-01,2014-12-31,2012,286,Other consumers
MT_076,2012-01-01,2014-12-31,2012,272,Other consumers
MT_077,2012-01-01,2014-12-31,2012,311,Other consumers
MT_078,2012-01-01,2014-12-31,2012,298,Other consumers
MT_079,2012-01-01,2014-12-31,2012,317,Other consumers
MT_080,2012-01-01,2014-12-31,2012,347,Other consumers
MT_081,2012-01-01,2014-12-31,2012,230,Other consumers
MT_082,2012-01-01,2014-12-31,2012,291,Other consumers
MT_083,2012-01-01,2014-12-31,2012,259,Other consumers
MT_084,2012-01-01,2014-12-31,2012,137,Other consumers
MT_085,2012-01-01,2014-12-31,2012,203,Other consumers
MT_086,2012-01-01,2014-12-31,2012,89,Other consumers
MT_087,2012-01-01,2014-12-31,2012,214,Other consumers
MT_088,2012-01-01,2014-12-31,2012,199,Other consumers
MT_089,2012-01-01,2014-12-31,2012,155,Other consumers
MT_090,2012-01-01,2014-12-31,2012,198,Other consumers
MT_091,2012-01-01,2014-12-31,2012,187,Other consumers
MT_092,2013-01-31,2014-12-31,2013,315,Other consumers
MT_093,2012-01-01,2014-12-31,2012,327,Other consumers
MT_094,2012-01-01,2014-12-31,2012,328,Other consumers
MT_095,2012-01-01,2014-12-31,2012,343,Other consumers
MT_096,2012-01-01,2014-12-31,2012,352,Other consumers
MT_097,2012-01-01,2014-12-31,2012,159,Other consumers
MT_098,2012-01-01,2014-12-31,2012,61,Other consumers
MT_099,2012-01-01,2014-12-31,2012,35,Other consumers
MT_100,2012-01-01,2014-12-31,2012,274,Other consumers
MT_101,2012-01-01,2014-12-31,2012,60,Other consumers
MT_102,2012-01-01,2014-12-31,2012,46,Other consumers
MT_103,2012-01-01,2014-12-31,2012,38,Other consumers
MT_104,2012-01-01,2014-12-31,2012,72,Other consumers
MT_105,2012-01-01,2014-12-31,2012,138,Other consumers
MT_106,2014-01-14,2014-12-31,2014,345,Other consumers
MT_107,2014-01-14,2014-12-31,2014,364,Other consumers
MT_108,2014-01-14,2014-12-31,2014,356,Other consumers
MT_109,2014-02-18,2014-12-31,2014,335,Other consumers
MT_110,2014-01-14,2014-12-31,2014,360,Other consumers
MT_111,2014-01-14,2014-12-31,2014,344,Other consumers
MT_112,2014-02-12,2014-12-31,2014,354,Other consumers
MT_113,2014-01-14,2014-12-31,2014,353,Other consumers
MT_114,2012-01-01,2014-12-31,2012,113,Other consumers
MT_115,2014-01-14,2014-12-31,2014,361,Other consumers
MT_116,2014-02-18,2014-12-31,2014,350,Other consumers
MT_117,2014-01-14,2014-12-31,2014,366,Other consumers
MT_118,2012-01-01,2014-12-31,2012,234,Other consumers
MT_119,2012-01-01,2014-12-31,2012,252,Other consumers
MT_120,2014-01-14,2014-12-31,2014,349,Other consumers
MT_121,2014-01-14,2014-12-31,2014,307,Other consumers
MT_122,2014-01-14,2014-12-31,2014,362,Other consumers
MT_123,2012-01-01,2014-12-31,2012,271,Other consumers
MT_124,2011-01-01,2014-12-31,2011,97,Other consumers
MT_125,2012-01-01,2014-12-31,2012,303,Other consumers
MT_126,2012-01-01,2014-12-31,2012,275,Other consumers
MT_127,2012-07-01,2014-12-31,2012,278,Other consumers
MT_128,2012-01-01,2014-12-31,2012,114,Other consumers
MT_129,2012-01-01,2014-12-31,2012,220,Other consumers
MT_130,2012-01-01,2014-12-31,2012,292,Other consumers
MT_131,2011-01-01,2014-12-31,2011,239,Other consumers
MT_132,2011-01-01,2014-12-31,2011,340,Other consumers
MT_133,2014-03-13,2014-12-31,2014,370,Other consumers
MT_134,2013-01-01,2014-12-31,2013,357,Other consumers
MT_135,2012-01-01,2014-12-31,2012,318,Other consumers
MT_136,2012-01-01,2014-12-31,2012,190,Other consumers
MT_137,2012-01-01,2014-12-31,2012,260,Other consumers
MT_138,2012-01-01,2014-12-31,2012,217,Other consumers
MT_139,2012-01-01,2014-12-31,2012,95,Other consumers
MT_140,2012-01-01,2014-12-31,2012,268,Other consumers
MT_141,2012-01-01,2014-12-31,2012,358,Other consumers
MT_142,2012-01-01,2014-12-31,2012,279,Other consumers
MT_143,2012-01-01,2014-12-31,2012,168,Other consumers
MT_144,2012-10-27,2014-12-31,2012,192,Other consumers
MT_145,2012-01-01,2014-12-31,2012,254,Other consumers
MT_146,2012-01-07,2014-12-31,2012,248,Other consumers
MT_147,2012-01-01,2014-12-31,2012,14,Other consumers
MT_148,2012-01-01,2014-12-31,2012,104,Other consumers
MT_149,2012-01-01,2014-12-31,2012,332,Other consumers
MT_150,2012-01-01,2014-12-31,2012,323,Other consumers
MT_151,2012-01-01,2014-12-31,2012,232,Other consumers
MT_152,2013-01-01,2014-12-31,2013,59,Other consumers
MT_153,2012-01-01,2014-12-31,2012,161,Other consumers
MT_154,2012-01-01,2014-12-31,2012,313,Other consumers
MT_155,2012-01-01,2014-12-31,2012,184,Other consumers
MT_156,2011-01-01,2014-12-31,2011,227,Other consumers
MT_157,2012-01-01,2014-12-31,2012,20,Other consumers
MT_158,2011-01-01,2014-12-31,2011,229,Other consumers
MT_159,2011-01-01,2014-12-31,2011,250,Other consumers
MT_160,2014-02-04,2014-12-31,2014,369,Other consumers
MT_161,2011-01-01,2014-12-31,2011,19,Other consumers
MT_162,2011-01-01,2014-12-31,2011,96,Other consumers
MT_163,2011-01-01,2014-12-31,2011,12,Other consumers
MT_164,2011-02-22,2014-12-31,2011,185,Other consumers
MT_165,2013-09-05,2014-12-31,2013,306,Other consumers
MT_166,2011-01-01,2014-12-31,2011,25,Other consumers
MT_167,2012-06-22,2014-12-31,2012,269,Other consumers
MT_168,2011-01-01,2014-12-31,2011,162,Other consumers
MT_169,2011-01-01,2014-12-31,2011,281,Other consumers
MT_170,2013-02-28,2014-12-31,2013,283,Other consumers
MT_171,2011-01-01,2014-12-31,2011,109,Other consumers
MT_172,2011-01-01,2014-12-31,2011,170,Other consumers
MT_173,2012-03-21,2014-12-31,2012,276,Other consumers
MT_174,2011-01-01,2014-12-31,2011,156,Other consumers
MT_175,2011-01-01,2014-12-31,2011,140,Other consumers
MT_176,2011-01-01,2014-12-31,2011,219,Other consumers
MT_177,2012-07-16,2014-12-31,2012,204,Other consumers
MT_178,2014-07-18,2014-12-31,2014,263,Other consumers
MT_179,2013-12-20,2014-12-31,2013,326,Other consumers
MT_180,2011-01-01,2014-12-31,2011,148,Other consumers
MT_181,2014-03-05,2014-12-31,2014,309,Other consumers
MT_182,2011-01-01,2014-12-31,2011,261,Other consumers
MT_183,2011-01-01,2014-12-31,2011,218,Other consumers
MT_184,2012-07-20,2014-12-31,2012,256,Other consumers
MT_185,2013-06-21,2014-12-31,2013,312,Other consumers
MT_186,2013-09-26,2014-12-31,2013,134,Other consumers
MT_187,2011-01-01,2014-12-31,2011,266,Other consumers
MT_188,2011-01-01,2014-12-31,2011,288,Other consumers
MT_189,2011-01-01,2014-12-31,2011,74,Other consumers
MT_190,2011-01-01,2014-12-31,2011,80,Other consumers
MT_191,2011-01-01,2014-12-31,2011,16,Other consumers
MT_192,2011-01-01,2014-12-31,2011,68,Other consumers
MT_193,2011-01-01,2014-12-31,2011,93,Other consumers
MT_194,2011-01-01,2014-12-31,2011,9,Top 10 lifetime consumers
MT_195,2011-01-01,2014-12-31,2011,71,Other consumers
MT_196,2011-01-01,2014-12-31,2011,2,Top 10 lifetime consumers
MT_197,2011-01-01,2014-12-31,2011,144,Other consumers
MT_198,2011-01-01,2014-12-31,2011,108,Other consumers
MT_199,2011-01-01,2014-12-31,2011,69,Other consumers
MT_200,2011-01-01,2014-12-31,2011,37,Other consumers
MT_201,2011-01-01,2014-12-31,2011,94,Other consumers
MT_202,2011-01-01,2014-12-31,2011,110,Other consumers
MT_203,2011-01-01,2014-12-31,2011,56,Other consumers
MT_204,2011-01-01,2014-12-31,2011,34,Other consumers
MT_205,2011-01-01,2014-12-31,2011,58,Other consumers
MT_206,2011-01-01,2014-12-31,2011,121,Other consumers
MT_207,2011-01-01,2014-12-31,2011,36,Other consumers
MT_208,2011-01-01,2014-12-31,2011,5,Top 10 lifetime consumers
MT_209,2011-01-01,2014-12-31,2011,53,Other consumers
MT_210,2011-01-01,2014-12-31,2011,44,Other consumers
MT_211,2011-01-01,2014-12-31,2011,127,Other consumers
MT_212,2011-01-01,2014-12-31,2011,83,Other consumers
MT_213,2011-01-01,2014-12-31,2011,28,Other consumers
MT_214,2011-01-01,2014-12-31,2011,77,Other consumers
MT_215,2011-01-01,2014-12-31,2011,76,Other consumers
MT_216,2011-01-01,2014-12-31,2011,13,Other consumers
MT_217,2011-01-01,2014-12-31,2011,119,Other consumers
MT_218,2011-01-01,2014-12-31,2011,23,Other consumers
MT_219,2011-01-01,2014-12-31,2011,62,Other consumers
MT_220,2011-01-01,2014-12-31,2011,7,Top 10 lifetime consumers
MT_221,2011-01-01,2014-12-31,2011,142,Other consumers
MT_222,2011-01-01,2014-12-31,2011,33,Other consumers
MT_223,2011-01-01,2012-09-23,2011,87,Other consumers
MT_224,2013-06-24,2014-12-31,2013,24,Other consumers
MT_225,2011-01-01,2014-12-31,2011,85,Other consumers
MT_226,2011-01-01,2014-12-31,2011,67,Other consumers
MT_227,2011-01-01,2014-12-31,2011,99,Other consumers
MT_228,2011-01-01,2014-12-31,2011,6,Top 10 lifetime consumers
MT_229,2011-01-01,2014-12-31,2011,31,Other consumers
MT_230,2011-01-01,2014-12-31,2011,194,Other consumers
MT_231,2011-01-01,2014-12-31,2011,47,Other consumers
MT_232,2011-01-01,2014-12-31,2011,216,Other consumers
MT_233,2011-01-01,2014-12-31,2011,160,Other consumers
MT_234,2011-01-01,2014-12-31,2011,212,Other consumers
MT_235,2011-01-01,2014-12-31,2011,41,Other consumers
MT_236,2011-01-01,2014-12-31,2011,152,Other consumers
MT_237,2011-01-01,2014-12-31,2011,215,Other consumers
MT_238,2011-01-01,2014-12-31,2011,75,Other consumers
MT_239,2011-01-01,2014-12-31,2011,180,Other consumers
MT_240,2011-01-01,2014-12-31,2011,82,Other consumers
MT_241,2011-01-01,2014-12-31,2011,10,Top 10 lifetime consumers
MT_242,2011-01-01,2014-12-31,2011,123,Other consumers
MT_243,2011-01-01,2014-12-31,2011,165,Other consumers
MT_244,2011-01-01,2014-12-31,2011,145,Other consumers
MT_245,2011-01-01,2014-12-31,2011,124,Other consumers
MT_246,2011-01-01,2014-12-31,2011,50,Other consumers
MT_247,2011-01-01,2014-12-31,2011,70,Other consumers
MT_248,2011-01-01,2014-12-31,2011,136,Other consumers
MT_249,2011-01-01,2014-12-31,2011,238,Other consumers
MT_250,2011-01-01,2014-12-31,2011,202,Other consumers
MT_251,2011-01-01,2014-12-31,2011,226,Other consumers
MT_252,2011-01-01,2014-12-31,2011,112,Other consumers
MT_253,2011-01-01,2014-12-31,2011,88,Other consumers
MT_254,2011-01-01,2014-12-31,2011,107,Other consumers
MT_255,2012-11-08,2014-12-31,2012,90,Other consumers
MT_256,2011-01-01,2014-12-31,2011,153,Other consumers
MT_257,2011-01-01,2014-12-31,2011,146,Other consumers
MT_258,2011-01-01,2014-12-31,2011,172,Other consumers
MT_259,2011-01-01,2014-12-31,2011,141,Other consumers
MT_260,2011-01-01,2014-12-31,2011,132,Other consumers
MT_261,2011-01-01,2014-12-31,2011,249,Other consumers
MT_262,2011-01-01,2014-12-31,2011,125,Other consumers
MT_263,2011-01-01,2014-12-31,2011,128,Other consumers
MT_264,2011-01-01,2014-12-31,2011,126,Other consumers
MT_265,2011-01-01,2014-12-31,2011,133,Other consumers
MT_266,2011-01-01,2014-12-31,2011,98,Other consumers
MT_267,2011-01-01,2014-12-31,2011,237,Other consumers
MT_268,2011-01-01,2014-12-31,2011,106,Other consumers
MT_269,2011-01-01,2014-12-31,2011,40,Other consumers
MT_270,2011-01-01,2014-12-31,2011,241,Other consumers
MT_271,2011-01-01,2014-12-31,2011,150,Other consumers
MT_272,2011-01-01,2014-12-31,2011,147,Other consumers
MT_273,2011-01-01,2014-12-31,2011,63,Other consumers
MT_274,2011-01-01,2014-12-31,2011,91,Other consumers
MT_275,2011-01-01,2014-12-31,2011,164,Other consumers
MT_276,2011-01-01,2014-12-31,2011,15,Other consumers
MT_277,2011-01-01,2014-12-31,2011,205,Other consumers
MT_278,2011-01-01,2014-12-31,2011,206,Other consumers
MT_279,2011-01-01,2014-12-31,2011,3,Top 10 lifetime consumers
MT_280,2011-04-07,2014-12-31,2011,100,Other consumers
MT_281,2011-01-01,2014-12-31,2011,173,Other consumers
MT_282,2011-01-01,2014-12-31,2011,182,Other consumers
MT_283,2011-01-01,2014-12-31,2011,101,Other consumers
MT_284,2011-01-01,2014-12-31,2011,233,Other consumers
MT_285,2011-01-01,2014-12-31,2011,188,Other consumers
MT_286,2011-01-01,2014-12-31,2011,177,Other consumers
MT_287,2011-01-01,2014-12-31,2011,143,Other consumers
MT_288,2011-01-01,2014-12-31,2011,200,Other consumers
MT_289,2013-11-29,2014-12-31,2013,304,Other consumers
MT_290,2011-01-01,2014-12-31,2011,54,Other consumers
MT_291,2011-01-01,2014-12-31,2011,210,Other consumers
MT_292,2011-01-01,2014-12-31,2011,103,Other consumers
MT_293,2011-01-01,2014-12-31,2011,196,Other consumers
MT_294,2011-01-01,2014-12-31,2011,48,Other consumers
MT_295,2011-01-01,2014-12-31,2011,102,Other consumers
MT_296,2011-01-01,2014-12-31,2011,195,Other consumers
MT_297,2011-01-01,2014-12-31,2011,151,Other consumers
MT_298,2011-01-01,2014-12-31,2011,32,Other consumers
MT_299,2011-01-01,2014-12-31,2011,65,Other consumers
MT_300,2011-01-01,2014-12-31,2011,163,Other consumers
MT_301,2011-01-01,2014-12-31,2011,179,Other consumers
MT_302,2011-01-01,2014-12-31,2011,169,Other consumers
MT_303,2011-01-01,2014-12-31,2011,149,Other consumers
MT_304,2011-01-01,2014-12-31,2011,240,Other consumers
MT_305,2013-12-09,2014-12-31,2013,329,Other consumers
MT_306,2011-01-01,2014-12-31,2011,225,Other consumers
MT_307,2011-01-01,2014-12-31,2011,42,Other consumers
MT_308,2012-08-17,2014-12-31,2012,244,Other consumers
MT_309,2011-01-01,2014-12-31,2011,115,Other consumers
MT_310,2011-01-01,2014-12-31,2011,52,Other consumers
MT_311,2011-01-01,2014-12-31,2011,167,Other consumers
MT_312,2011-01-01,2014-12-31,2011,81,Other consumers
MT_313,2011-01-01,2014-12-31,2011,111,Other consumers
MT_314,2011-01-01,2014-12-31,2011,29,Other consumers
MT_315,2011-01-01,2014-12-31,2011,211,Other consumers
MT_316,2011-01-01,2014-12-31,2011,84,Other consumers
MT_317,2011-01-01,2014-12-31,2011,57,Other consumers
MT_318,2011-01-01,2014-12-31,2011,135,Other consumers
MT_319,2011-01-01,2014-12-31,2011,197,Other consumers
MT_320,2011-01-01,2014-12-31,2011,186,Other consumers
MT_321,2011-01-01,2014-12-31,2011,183,Other consumers
MT_322,2013-08-30,2014-12-31,2013,293,Other consumers
MT_323,2011-01-01,2014-12-31,2011,18,Other consumers
MT_324,2011-01-01,2014-12-31,2011,86,Other consumers
MT_325,2011-01-01,2014-12-31,2011,92,Other consumers
MT_326,2011-01-01,2014-12-31,2011,105,Other consumers
MT_327,2011-01-01,2014-12-31,2011,55,Other consumers
MT_328,2011-01-01,2014-12-31,2011,26,Other consumers
MT_329,2011-01-01,2014-12-31,2011,120,Other consumers
MT_330,2011-01-01,2014-12-31,2011,191,Other consumers
MT_331,2011-01-01,2014-12-31,2011,116,Other consumers
MT_332,2012-08-22,2014-12-31,2012,301,Other consumers
MT_333,2012-01-01,2014-12-31,2012,247,Other consumers
MT_334,2012-01-01,2014-12-31,2012,251,Other consumers
MT_335,2012-01-01,2014-12-31,2012,258,Other consumers
MT_336,2012-01-01,2014-12-31,2012,175,Other consumers
MT_337,2014-01-17,2014-12-31,2014,295,Other consumers
MT_338,2012-01-01,2014-12-31,2012,131,Other consumers
MT_339,2012-01-01,2014-12-31,2012,11,Other consumers
MT_340,2012-01-01,2014-12-31,2012,189,Other consumers
MT_341,2012-01-01,2014-12-31,2012,43,Other consumers
MT_342,2012-01-01,2014-12-31,2012,122,Other consumers
MT_343,2012-01-01,2014-12-31,2012,181,Other consumers
MT_344,2012-01-01,2014-12-31,2012,166,Other consumers
MT_345,2012-01-01,2014-12-31,2012,21,Other consumers
MT_346,2012-01-01,2014-12-31,2012,118,Other consumers
MT_347,2012-01-01,2014-12-18,2012,368,Other consumers
MT_348,2012-01-01,2014-12-31,2012,341,Other consumers
MT_349,2012-01-01,2014-12-31,2012,157,Other consumers
MT_350,2012-01-01,2014-12-31,2012,66,Other consumers
MT_351,2012-01-01,2014-12-31,2012,27,Other consumers
MT_352,2012-01-01,2014-12-31,2012,228,Other consumers
MT_353,2012-01-01,2014-12-31,2012,78,Other consumers
MT_354,2012-01-01,2014-12-31,2012,207,Other consumers
MT_355,2012-01-01,2014-12-31,2012,64,Other consumers
MT_356,2012-01-01,2014-12-31,2012,223,Other consumers
MT_357,2012-01-01,2014-12-31,2012,22,Other consumers
MT_358,2012-01-01,2014-12-31,2012,51,Other consumers
MT_359,2012-01-01,2014-12-31,2012,224,Other consumers
MT_360,2012-01-01,2014-12-31,2012,79,Other consumers
MT_361,2012-01-01,2014-12-31,2012,117,Other consumers
MT_362,2012-01-01,2014-12-31,2012,1,Top 10 lifetime consumers
MT_363,2012-01-01,2014-12-31,2012,17,Other consumers
MT_364,2012-01-01,2014-12-31,2012,8,Top 10 lifetime consumers
MT_365,2012-01-01,2014-12-31,2012,245,Other consumers
MT_366,2012-01-01,2014-12-31,2012,351,Other consumers
MT_367,2012-01-01,2014-12-31,2012,73,Other consumers
MT_368,2012-01-01,2014-12-31,2012,201,Other consumers
MT_369,2012-01-01,2014-12-31,2012,49,Other consumers
MT_370,2013-01-01,2014-12-31,2013,4,Top 10 lifetime consumers
